threshold,hidden,target,MRE,k
0.0,10,0,0.44491612419140086,52
0.0,10,1,0.453954850416628,52
0.0,10,2,0.7987326820335039,52
0.0,10,3,0.0010644865479283111,52
0.0,20,0,0.1207534421038139,52
0.0,20,1,0.1658161298069629,52
0.0,20,2,0.6122781994395561,52
0.0,20,3,0.003203323169956505,52
0.0,30,0,0.41999760721513707,52
0.0,30,1,0.10334274583672577,52
0.0,30,2,0.4525756583644428,52
0.0,30,3,0.004305437040893723,52
0.0,40,0,0.41483472104227603,52
0.0,40,1,0.15710334227036943,52
0.0,40,2,0.2855670221702761,52
0.0,40,3,0.004082624236123361,52
0.0,50,0,0.21103185267769403,52
0.0,50,1,0.3499491747327612,52
0.0,50,2,0.17358821583480238,52
0.0,50,3,0.003616569091354511,52
0.0,60,0,0.24802066625403313,52
0.0,60,1,0.1402116242588915,52
0.0,60,2,0.7966080418272303,52
0.0,60,3,0.0031850501082460714,52
0.0,70,0,0.21381025840437223,52
0.0,70,1,0.08733441223277566,52
0.0,70,2,2.0414985601795603,52
0.0,70,3,0.0031727935534006085,52
0.0,80,0,0.1800559739433928,52
0.0,80,1,0.09495066661808055,52
0.0,80,2,0.7714218950653033,52
0.0,80,3,0.0029187799687071963,52
0.0,90,0,0.19138173942893824,52
0.0,90,1,0.16706637582340136,52
0.0,90,2,0.30925606927601734,52
0.0,90,3,0.004648247383090521,52
0.0,100,0,0.15266935332250822,52
0.0,100,1,0.1876681212860556,52
0.0,100,2,0.3612548510965374,52
0.0,100,3,0.002120910856828608,52
0.0,110,0,0.18814725403609278,52
0.0,110,1,0.07991597345559409,52
0.0,110,2,0.8313934286852187,52
0.0,110,3,0.005221060132587047,52
0.0,120,0,0.12888546911027338,52
0.0,120,1,0.08676197460352897,52
0.0,120,2,0.31205932167270967,52
0.0,120,3,0.0018356671068832596,52
0.0,130,0,0.5307772685274976,52
0.0,130,1,0.1138755438256653,52
0.0,130,2,1.1312753515365574,52
0.0,130,3,0.0029164132569579415,52
0.0,140,0,0.43781808837766967,52
0.0,140,1,0.07788303419441443,52
0.0,140,2,0.8008664292383334,52
0.0,140,3,0.004192874025222635,52
0.0,150,0,0.34325820420186776,52
0.0,150,1,0.24468572939591463,52
0.0,150,2,0.4798541432263673,52
0.0,150,3,0.002130941672047121,52
0.0,160,0,0.14287629748907288,52
0.0,160,1,0.060026179973594884,52
0.0,160,2,0.6134586987464301,52
0.0,160,3,0.007916481355663115,52
0.0,170,0,0.2922465309124851,52
0.0,170,1,0.1631411079555656,52
0.0,170,2,0.4645918541728147,52
0.0,170,3,0.0034841172791899417,52
0.0,180,0,0.17901056394062853,52
0.0,180,1,0.10925418406338705,52
0.0,180,2,0.5146571763162321,52
0.0,180,3,0.004423657954090134,52
0.0,190,0,0.14849463073074426,52
0.0,190,1,0.09672222338474307,52
0.0,190,2,1.6431877175091931,52
0.0,190,3,0.007099623770995554,52
0.0,200,0,0.1620691481730778,52
0.0,200,1,0.05806003743709826,52
0.0,200,2,0.23412021376599432,52
0.0,200,3,0.004071171282260588,52
0.1,10,0,0.17842571321093012,30
0.1,10,1,0.46139203354532043,34
0.1,10,2,0.20050865647431473,30
0.1,10,3,0.004257173490915069,23
0.1,20,0,0.23234002964794603,30
0.1,20,1,0.16430341954196262,34
0.1,20,2,0.6814227591286126,30
0.1,20,3,0.008475767880222496,23
0.1,30,0,0.36492149686149383,30
0.1,30,1,0.08566065127565302,34
0.1,30,2,0.2997365162582455,30
0.1,30,3,0.0033841806230724756,23
0.1,40,0,0.20605846040423867,30
0.1,40,1,0.09330151335138581,34
0.1,40,2,0.2965716491977711,30
0.1,40,3,0.010809176340490438,23
0.1,50,0,0.24321771650728302,30
0.1,50,1,0.04688557123108393,34
0.1,50,2,0.9036667043405708,30
0.1,50,3,0.004316833331540046,23
0.1,60,0,0.3144358704347745,30
0.1,60,1,0.2869572203785136,34
0.1,60,2,0.5128501406015123,30
0.1,60,3,0.004697697669226725,23
0.1,70,0,0.23516971173482037,30
0.1,70,1,0.04859327657989754,34
0.1,70,2,0.7348369389901172,30
0.1,70,3,0.0042793985945511195,23
0.1,80,0,0.4350895371013062,30
0.1,80,1,0.5530815667941293,34
0.1,80,2,0.788099459138882,30
0.1,80,3,0.005496779206190571,23
0.1,90,0,0.26648908116959125,30
0.1,90,1,0.22931303711497425,34
0.1,90,2,0.44954744795514356,30
0.1,90,3,0.0034789348434172414,23
0.1,100,0,0.11321305407768426,30
0.1,100,1,0.12774021499444174,34
0.1,100,2,0.7164442697894992,30
0.1,100,3,0.005799731867992528,23
0.1,110,0,0.208963259223516,30
0.1,110,1,0.2335565236179037,34
0.1,110,2,0.2825261590270769,30
0.1,110,3,0.008081098126229327,23
0.1,120,0,0.2713192401556141,30
0.1,120,1,0.06962562164019806,34
0.1,120,2,0.3170041825878598,30
0.1,120,3,0.006104549186693315,23
0.1,130,0,0.23425966499974357,30
0.1,130,1,0.0631214552989668,34
0.1,130,2,1.2358003294608717,30
0.1,130,3,0.009404789597769097,23
0.1,140,0,0.1645569716354841,30
0.1,140,1,0.12805585811871387,34
0.1,140,2,0.7029218503932217,30
0.1,140,3,0.005185997837475769,23
0.1,150,0,0.44126252741805067,30
0.1,150,1,0.22113919570846924,34
0.1,150,2,0.5767087244640389,30
0.1,150,3,0.006290354646545336,23
0.1,160,0,0.26206040969123745,30
0.1,160,1,0.11471141612875872,34
0.1,160,2,0.529897367578902,30
0.1,160,3,0.008585982362241782,23
0.1,170,0,0.32622842831057175,30
0.1,170,1,0.16937416601157104,34
0.1,170,2,0.45641068362976256,30
0.1,170,3,0.020784500571435716,23
0.1,180,0,0.16731063596981174,30
0.1,180,1,0.16414062310839983,34
0.1,180,2,0.29863635578336534,30
0.1,180,3,0.01788977435611751,23
0.1,190,0,0.17995253931969077,30
0.1,190,1,0.2503061387174613,34
0.1,190,2,0.3207914256963659,30
0.1,190,3,0.009079813346321219,23
0.1,200,0,0.17426320957261715,30
0.1,200,1,0.07344031303056205,34
0.1,200,2,0.295963137628542,30
0.1,200,3,0.011755054523360899,23
0.2,10,0,0.46268194465431983,14
0.2,10,1,0.1133170672257166,27
0.2,10,2,0.3429474750873606,14
0.2,10,3,0.0270944710270049,5
0.2,20,0,0.22479169384127196,14
0.2,20,1,0.3257139254444871,27
0.2,20,2,0.648380570582999,14
0.2,20,3,0.015605713361244717,5
0.2,30,0,0.3271724694447664,14
0.2,30,1,0.08588348537078892,27
0.2,30,2,0.3477651128080145,14
0.2,30,3,0.017327745003172645,5
0.2,40,0,0.30833979962732916,14
0.2,40,1,0.11457928911834675,27
0.2,40,2,0.34848903871691606,14
0.2,40,3,0.03314528932816626,5
0.2,50,0,0.33714865391588644,14
0.2,50,1,0.17302931571936475,27
0.2,50,2,0.20335678339875976,14
0.2,50,3,0.035411425561407216,5
0.2,60,0,0.2561837142429473,14
0.2,60,1,0.08498259532501412,27
0.2,60,2,0.42292170367436616,14
0.2,60,3,0.028306739572848454,5
0.2,70,0,0.37081914057477194,14
0.2,70,1,0.1580922814648528,27
0.2,70,2,0.4940467872141622,14
0.2,70,3,0.01100621139015004,5
0.2,80,0,0.3643553433420449,14
0.2,80,1,0.3153963901348405,27
0.2,80,2,0.34567491001089745,14
0.2,80,3,0.03516750726781719,5
0.2,90,0,0.3697772379827983,14
0.2,90,1,0.11791393805284718,27
0.2,90,2,0.42520337416207643,14
0.2,90,3,0.012528731627957092,5
0.2,100,0,0.2294115154024556,14
0.2,100,1,0.1697432722503861,27
0.2,100,2,0.3194301250723911,14
0.2,100,3,0.012955851492915327,5
0.2,110,0,0.40589436440848553,14
0.2,110,1,0.22385032355506482,27
0.2,110,2,0.5139590904752155,14
0.2,110,3,0.013755417544128975,5
0.2,120,0,0.2266965715677642,14
0.2,120,1,0.5774918897133168,27
0.2,120,2,0.5673601866588677,14
0.2,120,3,0.022722764610522164,5
0.2,130,0,0.3936778267717172,14
0.2,130,1,0.4669196120209627,27
0.2,130,2,0.4768368804449241,14
0.2,130,3,0.014298667359851754,5
0.2,140,0,0.32361573178561814,14
0.2,140,1,0.18209867331422133,27
0.2,140,2,0.4903349159924709,14
0.2,140,3,0.014771319577236966,5
0.2,150,0,0.21558231390092358,14
0.2,150,1,0.599882456184093,27
0.2,150,2,0.6081064310648275,14
0.2,150,3,0.01326874984834564,5
0.2,160,0,0.3568098861835537,14
0.2,160,1,0.1919539238433085,27
0.2,160,2,0.7684871751984774,14
0.2,160,3,0.02474521605110098,5
0.2,170,0,0.21444563634677022,14
0.2,170,1,0.33325969240008135,27
0.2,170,2,0.55166959145646,14
0.2,170,3,0.029348941343455368,5
0.2,180,0,0.2619975005091041,14
0.2,180,1,0.10185440921683113,27
0.2,180,2,0.38589889449003006,14
0.2,180,3,0.02202788279149188,5
0.2,190,0,0.3116448920791598,14
0.2,190,1,0.2846617257284683,27
0.2,190,2,0.8747770714044701,14
0.2,190,3,0.03958559966585821,5
0.2,200,0,0.25018753857075127,14
0.2,200,1,0.20456505659635155,27
0.2,200,2,1.0120199509468737,14
0.2,200,3,0.030448803460185886,5
0.30000000000000004,10,0,0.5719295499366555,7
0.30000000000000004,10,1,0.2712001339327953,10
0.30000000000000004,10,2,0.9610621983393639,7
0.30000000000000004,10,3,0.0270944710270049,5
0.30000000000000004,20,0,0.4710477517700111,7
0.30000000000000004,20,1,0.28140469300150756,10
0.30000000000000004,20,2,0.5449682804499153,7
0.30000000000000004,20,3,0.015605713361244717,5
0.30000000000000004,30,0,0.537974048370041,7
0.30000000000000004,30,1,0.4259806071580275,10
0.30000000000000004,30,2,0.7855874663038119,7
0.30000000000000004,30,3,0.017327745003172645,5
0.30000000000000004,40,0,0.5192340426122136,7
0.30000000000000004,40,1,0.2625498021256105,10
0.30000000000000004,40,2,0.810329624013917,7
0.30000000000000004,40,3,0.03314528932816626,5
0.30000000000000004,50,0,0.7503035679608512,7
0.30000000000000004,50,1,0.2591229552951376,10
0.30000000000000004,50,2,1.1287983130494008,7
0.30000000000000004,50,3,0.035411425561407216,5
0.30000000000000004,60,0,0.4998878760335321,7
0.30000000000000004,60,1,0.2836253768109255,10
0.30000000000000004,60,2,0.5549912343876984,7
0.30000000000000004,60,3,0.028306739572848454,5
0.30000000000000004,70,0,0.4710698772374857,7
0.30000000000000004,70,1,0.47263775889277415,10
0.30000000000000004,70,2,0.5086774382803515,7
0.30000000000000004,70,3,0.01100621139015004,5
0.30000000000000004,80,0,0.5520465446031126,7
0.30000000000000004,80,1,0.395001390451997,10
0.30000000000000004,80,2,0.5501240692980907,7
0.30000000000000004,80,3,0.03516750726781719,5
0.30000000000000004,90,0,0.503000396880474,7
0.30000000000000004,90,1,0.6140682179124048,10
0.30000000000000004,90,2,0.5833845358297841,7
0.30000000000000004,90,3,0.012528731627957092,5
0.30000000000000004,100,0,0.577520591565599,7
0.30000000000000004,100,1,0.28758314285199005,10
0.30000000000000004,100,2,0.5789551291042572,7
0.30000000000000004,100,3,0.012955851492915327,5
0.30000000000000004,110,0,0.582984621131769,7
0.30000000000000004,110,1,0.7944745929384098,10
0.30000000000000004,110,2,0.710938517878157,7
0.30000000000000004,110,3,0.013755417544128975,5
0.30000000000000004,120,0,0.6712267300112733,7
0.30000000000000004,120,1,0.2938437537084753,10
0.30000000000000004,120,2,0.5454077678463654,7
0.30000000000000004,120,3,0.022722764610522164,5
0.30000000000000004,130,0,0.5447421156480365,7
0.30000000000000004,130,1,0.4674781461880229,10
0.30000000000000004,130,2,0.6646046327929799,7
0.30000000000000004,130,3,0.014298667359851754,5
0.30000000000000004,140,0,0.5092950196281207,7
0.30000000000000004,140,1,0.361373989671408,10
0.30000000000000004,140,2,0.5168684756749772,7
0.30000000000000004,140,3,0.014771319577236966,5
0.30000000000000004,150,0,0.5067220797010259,7
0.30000000000000004,150,1,0.25952313440723745,10
0.30000000000000004,150,2,1.2098584964760617,7
0.30000000000000004,150,3,0.01326874984834564,5
0.30000000000000004,160,0,0.5286027150510441,7
0.30000000000000004,160,1,0.24756105144010548,10
0.30000000000000004,160,2,0.6398956269746511,7
0.30000000000000004,160,3,0.02474521605110098,5
0.30000000000000004,170,0,0.5579195274744481,7
0.30000000000000004,170,1,0.3457466311764217,10
0.30000000000000004,170,2,0.706000782423821,7
0.30000000000000004,170,3,0.029348941343455368,5
0.30000000000000004,180,0,0.8228455209387068,7
0.30000000000000004,180,1,0.38160910137625115,10
0.30000000000000004,180,2,0.6796875579479421,7
0.30000000000000004,180,3,0.02202788279149188,5
0.30000000000000004,190,0,0.5864202022669374,7
0.30000000000000004,190,1,0.39375390108444136,10
0.30000000000000004,190,2,0.8390514920701523,7
0.30000000000000004,190,3,0.03958559966585821,5
0.30000000000000004,200,0,0.49176082752561223,7
0.30000000000000004,200,1,0.2615553719136301,10
0.30000000000000004,200,2,0.9020448655801868,7
0.30000000000000004,200,3,0.030448803460185886,5
0.4,10,0,0.6506333864895029,6
0.4,10,1,1.165681296045413,6
0.4,10,2,0.681620133533287,6
0.4,10,3,0.0270944710270049,5
0.4,20,0,0.6347355059811673,6
0.4,20,1,1.2517645338439813,6
0.4,20,2,0.6142764593702403,6
0.4,20,3,0.015605713361244717,5
0.4,30,0,0.6227535253129977,6
0.4,30,1,1.1142449244283898,6
0.4,30,2,1.030263877985179,6
0.4,30,3,0.017327745003172645,5
0.4,40,0,0.5109832962725408,6
0.4,40,1,0.9439753913435963,6
0.4,40,2,1.5222384995840366,6
0.4,40,3,0.03314528932816626,5
0.4,50,0,0.5721039393371242,6
0.4,50,1,1.3587154035290634,6
0.4,50,2,0.6785066736589032,6
0.4,50,3,0.035411425561407216,5
0.4,60,0,0.5511635235787029,6
0.4,60,1,1.2455673975764223,6
0.4,60,2,1.1580998691557707,6
0.4,60,3,0.028306739572848454,5
0.4,70,0,0.7336033818766999,6
0.4,70,1,1.2989867764947132,6
0.4,70,2,0.6459560473302534,6
0.4,70,3,0.01100621139015004,5
0.4,80,0,0.6780714279976008,6
0.4,80,1,0.828022411516401,6
0.4,80,2,0.5253621070069651,6
0.4,80,3,0.03516750726781719,5
0.4,90,0,0.5245166080827677,6
0.4,90,1,1.4080816370093023,6
0.4,90,2,1.0835604164221453,6
0.4,90,3,0.012528731627957092,5
0.4,100,0,0.5863806284603037,6
0.4,100,1,1.159772967440613,6
0.4,100,2,1.3653210140910752,6
0.4,100,3,0.012955851492915327,5
0.4,110,0,0.4863504904868853,6
0.4,110,1,1.2671761509181763,6
0.4,110,2,0.5371851504090809,6
0.4,110,3,0.013755417544128975,5
0.4,120,0,0.4971904651558286,6
0.4,120,1,1.471679056441908,6
0.4,120,2,1.2362662280615315,6
0.4,120,3,0.022722764610522164,5
0.4,130,0,0.4754198365600445,6
0.4,130,1,0.9993779969028523,6
0.4,130,2,1.450705057583047,6
0.4,130,3,0.014298667359851754,5
0.4,140,0,0.5050214098489386,6
0.4,140,1,1.1484472863910644,6
0.4,140,2,0.7169351436649585,6
0.4,140,3,0.014771319577236966,5
0.4,150,0,0.4953595443216339,6
0.4,150,1,1.2434221473843208,6
0.4,150,2,0.5137584429443577,6
0.4,150,3,0.01326874984834564,5
0.4,160,0,0.8753218128217142,6
0.4,160,1,0.799227157201582,6
0.4,160,2,0.8399537792115174,6
0.4,160,3,0.02474521605110098,5
0.4,170,0,0.5009039710855243,6
0.4,170,1,1.1289506862775789,6
0.4,170,2,1.1738300924094562,6
0.4,170,3,0.029348941343455368,5
0.4,180,0,0.9006705546188455,6
0.4,180,1,1.3706023070838977,6
0.4,180,2,0.6348140841129354,6
0.4,180,3,0.02202788279149188,5
0.4,190,0,0.525550857690262,6
0.4,190,1,1.3561283582401369,6
0.4,190,2,0.6015661747248091,6
0.4,190,3,0.03958559966585821,5
0.4,200,0,0.8060507773859859,6
0.4,200,1,1.6958831887685615,6
0.4,200,2,0.6291019001087228,6
0.4,200,3,0.030448803460185886,5
0.5,10,0,0.5539567958870418,5
0.5,10,1,0.9654176160109881,5
0.5,10,2,0.5863427310939687,5
0.5,10,3,0.0270944710270049,5
0.5,20,0,0.5397136163991474,5
0.5,20,1,1.25598869905568,5
0.5,20,2,0.7118491702252937,5
0.5,20,3,0.015605713361244717,5
0.5,30,0,0.5938429974582232,5
0.5,30,1,1.0203377211253026,5
0.5,30,2,0.6007293938716989,5
0.5,30,3,0.017327745003172645,5
0.5,40,0,0.6864334457180068,5
0.5,40,1,1.0329390949045336,5
0.5,40,2,0.7355022704891414,5
0.5,40,3,0.03314528932816626,5
0.5,50,0,0.5384035370541322,5
0.5,50,1,0.8887033679354829,5
0.5,50,2,0.7527307096148511,5
0.5,50,3,0.035411425561407216,5
0.5,60,0,0.5855031731551507,5
0.5,60,1,1.8116372110683694,5
0.5,60,2,0.602986730527488,5
0.5,60,3,0.028306739572848454,5
0.5,70,0,0.534683439944335,5
0.5,70,1,1.642522502755518,5
0.5,70,2,0.5863220322839761,5
0.5,70,3,0.01100621139015004,5
0.5,80,0,0.7991079172445332,5
0.5,80,1,1.3967506648850099,5
0.5,80,2,0.7113524594568503,5
0.5,80,3,0.03516750726781719,5
0.5,90,0,0.44822084167091025,5
0.5,90,1,1.1595978304971943,5
0.5,90,2,0.6339070496341538,5
0.5,90,3,0.012528731627957092,5
0.5,100,0,0.6424504479836588,5
0.5,100,1,1.4795346764719994,5
0.5,100,2,0.6132698336902651,5
0.5,100,3,0.012955851492915327,5
0.5,110,0,0.5874939126014237,5
0.5,110,1,1.3904466576253198,5
0.5,110,2,0.5337437099108115,5
0.5,110,3,0.013755417544128975,5
0.5,120,0,0.7177962528907786,5
0.5,120,1,0.821785873465013,5
0.5,120,2,0.7324863352992314,5
0.5,120,3,0.022722764610522164,5
0.5,130,0,0.7991251279224821,5
0.5,130,1,1.2062590882848387,5
0.5,130,2,0.5035794748678518,5
0.5,130,3,0.014298667359851754,5
0.5,140,0,0.501838499396889,5
0.5,140,1,0.8356701103735489,5
0.5,140,2,0.5165581853484167,5
0.5,140,3,0.014771319577236966,5
0.5,150,0,0.5639042807302375,5
0.5,150,1,1.2608040135142073,5
0.5,150,2,0.5131851106837857,5
0.5,150,3,0.01326874984834564,5
0.5,160,0,0.520292231365402,5
0.5,160,1,0.8692996711682266,5
0.5,160,2,0.5744371881101562,5
0.5,160,3,0.02474521605110098,5
0.5,170,0,0.47505637904281484,5
0.5,170,1,1.086974060271382,5
0.5,170,2,0.5383987109367603,5
0.5,170,3,0.029348941343455368,5
0.5,180,0,0.46216744379433605,5
0.5,180,1,1.15127230220478,5
0.5,180,2,0.6472492171075043,5
0.5,180,3,0.02202788279149188,5
0.5,190,0,0.4538375150999877,5
0.5,190,1,0.7994801524538386,5
0.5,190,2,0.5438819065555819,5
0.5,190,3,0.03958559966585821,5
0.5,200,0,0.520643236510635,5
0.5,200,1,1.5179904250949778,5
0.5,200,2,0.6779557687437056,5
0.5,200,3,0.030448803460185886,5
0.6000000000000001,10,0,0.5539567958870418,5
0.6000000000000001,10,1,0.9654176160109881,5
0.6000000000000001,10,2,0.5863427310939687,5
0.6000000000000001,10,3,0.0270944710270049,5
0.6000000000000001,20,0,0.5397136163991474,5
0.6000000000000001,20,1,1.25598869905568,5
0.6000000000000001,20,2,0.7118491702252937,5
0.6000000000000001,20,3,0.015605713361244717,5
0.6000000000000001,30,0,0.5938429974582232,5
0.6000000000000001,30,1,1.0203377211253026,5
0.6000000000000001,30,2,0.6007293938716989,5
0.6000000000000001,30,3,0.017327745003172645,5
0.6000000000000001,40,0,0.6864334457180068,5
0.6000000000000001,40,1,1.0329390949045336,5
0.6000000000000001,40,2,0.7355022704891414,5
0.6000000000000001,40,3,0.03314528932816626,5
0.6000000000000001,50,0,0.5384035370541322,5
0.6000000000000001,50,1,0.8887033679354829,5
0.6000000000000001,50,2,0.7527307096148511,5
0.6000000000000001,50,3,0.035411425561407216,5
0.6000000000000001,60,0,0.5855031731551507,5
0.6000000000000001,60,1,1.8116372110683694,5
0.6000000000000001,60,2,0.602986730527488,5
0.6000000000000001,60,3,0.028306739572848454,5
0.6000000000000001,70,0,0.534683439944335,5
0.6000000000000001,70,1,1.642522502755518,5
0.6000000000000001,70,2,0.5863220322839761,5
0.6000000000000001,70,3,0.01100621139015004,5
0.6000000000000001,80,0,0.7991079172445332,5
0.6000000000000001,80,1,1.3967506648850099,5
0.6000000000000001,80,2,0.7113524594568503,5
0.6000000000000001,80,3,0.03516750726781719,5
0.6000000000000001,90,0,0.44822084167091025,5
0.6000000000000001,90,1,1.1595978304971943,5
0.6000000000000001,90,2,0.6339070496341538,5
0.6000000000000001,90,3,0.012528731627957092,5
0.6000000000000001,100,0,0.6424504479836588,5
0.6000000000000001,100,1,1.4795346764719994,5
0.6000000000000001,100,2,0.6132698336902651,5
0.6000000000000001,100,3,0.012955851492915327,5
0.6000000000000001,110,0,0.5874939126014237,5
0.6000000000000001,110,1,1.3904466576253198,5
0.6000000000000001,110,2,0.5337437099108115,5
0.6000000000000001,110,3,0.013755417544128975,5
0.6000000000000001,120,0,0.7177962528907786,5
0.6000000000000001,120,1,0.821785873465013,5
0.6000000000000001,120,2,0.7324863352992314,5
0.6000000000000001,120,3,0.022722764610522164,5
0.6000000000000001,130,0,0.7991251279224821,5
0.6000000000000001,130,1,1.2062590882848387,5
0.6000000000000001,130,2,0.5035794748678518,5
0.6000000000000001,130,3,0.014298667359851754,5
0.6000000000000001,140,0,0.501838499396889,5
0.6000000000000001,140,1,0.8356701103735489,5
0.6000000000000001,140,2,0.5165581853484167,5
0.6000000000000001,140,3,0.014771319577236966,5
0.6000000000000001,150,0,0.5639042807302375,5
0.6000000000000001,150,1,1.2608040135142073,5
0.6000000000000001,150,2,0.5131851106837857,5
0.6000000000000001,150,3,0.01326874984834564,5
0.6000000000000001,160,0,0.520292231365402,5
0.6000000000000001,160,1,0.8692996711682266,5
0.6000000000000001,160,2,0.5744371881101562,5
0.6000000000000001,160,3,0.02474521605110098,5
0.6000000000000001,170,0,0.47505637904281484,5
0.6000000000000001,170,1,1.086974060271382,5
0.6000000000000001,170,2,0.5383987109367603,5
0.6000000000000001,170,3,0.029348941343455368,5
0.6000000000000001,180,0,0.46216744379433605,5
0.6000000000000001,180,1,1.15127230220478,5
0.6000000000000001,180,2,0.6472492171075043,5
0.6000000000000001,180,3,0.02202788279149188,5
0.6000000000000001,190,0,0.4538375150999877,5
0.6000000000000001,190,1,0.7994801524538386,5
0.6000000000000001,190,2,0.5438819065555819,5
0.6000000000000001,190,3,0.03958559966585821,5
0.6000000000000001,200,0,0.520643236510635,5
0.6000000000000001,200,1,1.5179904250949778,5
0.6000000000000001,200,2,0.6779557687437056,5
0.6000000000000001,200,3,0.030448803460185886,5
0.7000000000000001,10,0,0.5539567958870418,5
0.7000000000000001,10,1,0.9654176160109881,5
0.7000000000000001,10,2,0.5863427310939687,5
0.7000000000000001,10,3,0.0270944710270049,5
0.7000000000000001,20,0,0.5397136163991474,5
0.7000000000000001,20,1,1.25598869905568,5
0.7000000000000001,20,2,0.7118491702252937,5
0.7000000000000001,20,3,0.015605713361244717,5
0.7000000000000001,30,0,0.5938429974582232,5
0.7000000000000001,30,1,1.0203377211253026,5
0.7000000000000001,30,2,0.6007293938716989,5
0.7000000000000001,30,3,0.017327745003172645,5
0.7000000000000001,40,0,0.6864334457180068,5
0.7000000000000001,40,1,1.0329390949045336,5
0.7000000000000001,40,2,0.7355022704891414,5
0.7000000000000001,40,3,0.03314528932816626,5
0.7000000000000001,50,0,0.5384035370541322,5
0.7000000000000001,50,1,0.8887033679354829,5
0.7000000000000001,50,2,0.7527307096148511,5
0.7000000000000001,50,3,0.035411425561407216,5
0.7000000000000001,60,0,0.5855031731551507,5
0.7000000000000001,60,1,1.8116372110683694,5
0.7000000000000001,60,2,0.602986730527488,5
0.7000000000000001,60,3,0.028306739572848454,5
0.7000000000000001,70,0,0.534683439944335,5
0.7000000000000001,70,1,1.642522502755518,5
0.7000000000000001,70,2,0.5863220322839761,5
0.7000000000000001,70,3,0.01100621139015004,5
0.7000000000000001,80,0,0.7991079172445332,5
0.7000000000000001,80,1,1.3967506648850099,5
0.7000000000000001,80,2,0.7113524594568503,5
0.7000000000000001,80,3,0.03516750726781719,5
0.7000000000000001,90,0,0.44822084167091025,5
0.7000000000000001,90,1,1.1595978304971943,5
0.7000000000000001,90,2,0.6339070496341538,5
0.7000000000000001,90,3,0.012528731627957092,5
0.7000000000000001,100,0,0.6424504479836588,5
0.7000000000000001,100,1,1.4795346764719994,5
0.7000000000000001,100,2,0.6132698336902651,5
0.7000000000000001,100,3,0.012955851492915327,5
0.7000000000000001,110,0,0.5874939126014237,5
0.7000000000000001,110,1,1.3904466576253198,5
0.7000000000000001,110,2,0.5337437099108115,5
0.7000000000000001,110,3,0.013755417544128975,5
0.7000000000000001,120,0,0.7177962528907786,5
0.7000000000000001,120,1,0.821785873465013,5
0.7000000000000001,120,2,0.7324863352992314,5
0.7000000000000001,120,3,0.022722764610522164,5
0.7000000000000001,130,0,0.7991251279224821,5
0.7000000000000001,130,1,1.2062590882848387,5
0.7000000000000001,130,2,0.5035794748678518,5
0.7000000000000001,130,3,0.014298667359851754,5
0.7000000000000001,140,0,0.501838499396889,5
0.7000000000000001,140,1,0.8356701103735489,5
0.7000000000000001,140,2,0.5165581853484167,5
0.7000000000000001,140,3,0.014771319577236966,5
0.7000000000000001,150,0,0.5639042807302375,5
0.7000000000000001,150,1,1.2608040135142073,5
0.7000000000000001,150,2,0.5131851106837857,5
0.7000000000000001,150,3,0.01326874984834564,5
0.7000000000000001,160,0,0.520292231365402,5
0.7000000000000001,160,1,0.8692996711682266,5
0.7000000000000001,160,2,0.5744371881101562,5
0.7000000000000001,160,3,0.02474521605110098,5
0.7000000000000001,170,0,0.47505637904281484,5
0.7000000000000001,170,1,1.086974060271382,5
0.7000000000000001,170,2,0.5383987109367603,5
0.7000000000000001,170,3,0.029348941343455368,5
0.7000000000000001,180,0,0.46216744379433605,5
0.7000000000000001,180,1,1.15127230220478,5
0.7000000000000001,180,2,0.6472492171075043,5
0.7000000000000001,180,3,0.02202788279149188,5
0.7000000000000001,190,0,0.4538375150999877,5
0.7000000000000001,190,1,0.7994801524538386,5
0.7000000000000001,190,2,0.5438819065555819,5
0.7000000000000001,190,3,0.03958559966585821,5
0.7000000000000001,200,0,0.520643236510635,5
0.7000000000000001,200,1,1.5179904250949778,5
0.7000000000000001,200,2,0.6779557687437056,5
0.7000000000000001,200,3,0.030448803460185886,5
0.8,10,0,0.5539567958870418,5
0.8,10,1,0.9654176160109881,5
0.8,10,2,0.5863427310939687,5
0.8,10,3,0.0270944710270049,5
0.8,20,0,0.5397136163991474,5
0.8,20,1,1.25598869905568,5
0.8,20,2,0.7118491702252937,5
0.8,20,3,0.015605713361244717,5
0.8,30,0,0.5938429974582232,5
0.8,30,1,1.0203377211253026,5
0.8,30,2,0.6007293938716989,5
0.8,30,3,0.017327745003172645,5
0.8,40,0,0.6864334457180068,5
0.8,40,1,1.0329390949045336,5
0.8,40,2,0.7355022704891414,5
0.8,40,3,0.03314528932816626,5
0.8,50,0,0.5384035370541322,5
0.8,50,1,0.8887033679354829,5
0.8,50,2,0.7527307096148511,5
0.8,50,3,0.035411425561407216,5
0.8,60,0,0.5855031731551507,5
0.8,60,1,1.8116372110683694,5
0.8,60,2,0.602986730527488,5
0.8,60,3,0.028306739572848454,5
0.8,70,0,0.534683439944335,5
0.8,70,1,1.642522502755518,5
0.8,70,2,0.5863220322839761,5
0.8,70,3,0.01100621139015004,5
0.8,80,0,0.7991079172445332,5
0.8,80,1,1.3967506648850099,5
0.8,80,2,0.7113524594568503,5
0.8,80,3,0.03516750726781719,5
0.8,90,0,0.44822084167091025,5
0.8,90,1,1.1595978304971943,5
0.8,90,2,0.6339070496341538,5
0.8,90,3,0.012528731627957092,5
0.8,100,0,0.6424504479836588,5
0.8,100,1,1.4795346764719994,5
0.8,100,2,0.6132698336902651,5
0.8,100,3,0.012955851492915327,5
0.8,110,0,0.5874939126014237,5
0.8,110,1,1.3904466576253198,5
0.8,110,2,0.5337437099108115,5
0.8,110,3,0.013755417544128975,5
0.8,120,0,0.7177962528907786,5
0.8,120,1,0.821785873465013,5
0.8,120,2,0.7324863352992314,5
0.8,120,3,0.022722764610522164,5
0.8,130,0,0.7991251279224821,5
0.8,130,1,1.2062590882848387,5
0.8,130,2,0.5035794748678518,5
0.8,130,3,0.014298667359851754,5
0.8,140,0,0.501838499396889,5
0.8,140,1,0.8356701103735489,5
0.8,140,2,0.5165581853484167,5
0.8,140,3,0.014771319577236966,5
0.8,150,0,0.5639042807302375,5
0.8,150,1,1.2608040135142073,5
0.8,150,2,0.5131851106837857,5
0.8,150,3,0.01326874984834564,5
0.8,160,0,0.520292231365402,5
0.8,160,1,0.8692996711682266,5
0.8,160,2,0.5744371881101562,5
0.8,160,3,0.02474521605110098,5
0.8,170,0,0.47505637904281484,5
0.8,170,1,1.086974060271382,5
0.8,170,2,0.5383987109367603,5
0.8,170,3,0.029348941343455368,5
0.8,180,0,0.46216744379433605,5
0.8,180,1,1.15127230220478,5
0.8,180,2,0.6472492171075043,5
0.8,180,3,0.02202788279149188,5
0.8,190,0,0.4538375150999877,5
0.8,190,1,0.7994801524538386,5
0.8,190,2,0.5438819065555819,5
0.8,190,3,0.03958559966585821,5
0.8,200,0,0.520643236510635,5
0.8,200,1,1.5179904250949778,5
0.8,200,2,0.6779557687437056,5
0.8,200,3,0.030448803460185886,5
0.9,10,0,0.5539567958870418,5
0.9,10,1,0.9654176160109881,5
0.9,10,2,0.5863427310939687,5
0.9,10,3,0.0270944710270049,5
0.9,20,0,0.5397136163991474,5
0.9,20,1,1.25598869905568,5
0.9,20,2,0.7118491702252937,5
0.9,20,3,0.015605713361244717,5
0.9,30,0,0.5938429974582232,5
0.9,30,1,1.0203377211253026,5
0.9,30,2,0.6007293938716989,5
0.9,30,3,0.017327745003172645,5
0.9,40,0,0.6864334457180068,5
0.9,40,1,1.0329390949045336,5
0.9,40,2,0.7355022704891414,5
0.9,40,3,0.03314528932816626,5
0.9,50,0,0.5384035370541322,5
0.9,50,1,0.8887033679354829,5
0.9,50,2,0.7527307096148511,5
0.9,50,3,0.035411425561407216,5
0.9,60,0,0.5855031731551507,5
0.9,60,1,1.8116372110683694,5
0.9,60,2,0.602986730527488,5
0.9,60,3,0.028306739572848454,5
0.9,70,0,0.534683439944335,5
0.9,70,1,1.642522502755518,5
0.9,70,2,0.5863220322839761,5
0.9,70,3,0.01100621139015004,5
0.9,80,0,0.7991079172445332,5
0.9,80,1,1.3967506648850099,5
0.9,80,2,0.7113524594568503,5
0.9,80,3,0.03516750726781719,5
0.9,90,0,0.44822084167091025,5
0.9,90,1,1.1595978304971943,5
0.9,90,2,0.6339070496341538,5
0.9,90,3,0.012528731627957092,5
0.9,100,0,0.6424504479836588,5
0.9,100,1,1.4795346764719994,5
0.9,100,2,0.6132698336902651,5
0.9,100,3,0.012955851492915327,5
0.9,110,0,0.5874939126014237,5
0.9,110,1,1.3904466576253198,5
0.9,110,2,0.5337437099108115,5
0.9,110,3,0.013755417544128975,5
0.9,120,0,0.7177962528907786,5
0.9,120,1,0.821785873465013,5
0.9,120,2,0.7324863352992314,5
0.9,120,3,0.022722764610522164,5
0.9,130,0,0.7991251279224821,5
0.9,130,1,1.2062590882848387,5
0.9,130,2,0.5035794748678518,5
0.9,130,3,0.014298667359851754,5
0.9,140,0,0.501838499396889,5
0.9,140,1,0.8356701103735489,5
0.9,140,2,0.5165581853484167,5
0.9,140,3,0.014771319577236966,5
0.9,150,0,0.5639042807302375,5
0.9,150,1,1.2608040135142073,5
0.9,150,2,0.5131851106837857,5
0.9,150,3,0.01326874984834564,5
0.9,160,0,0.520292231365402,5
0.9,160,1,0.8692996711682266,5
0.9,160,2,0.5744371881101562,5
0.9,160,3,0.02474521605110098,5
0.9,170,0,0.47505637904281484,5
0.9,170,1,1.086974060271382,5
0.9,170,2,0.5383987109367603,5
0.9,170,3,0.029348941343455368,5
0.9,180,0,0.46216744379433605,5
0.9,180,1,1.15127230220478,5
0.9,180,2,0.6472492171075043,5
0.9,180,3,0.02202788279149188,5
0.9,190,0,0.4538375150999877,5
0.9,190,1,0.7994801524538386,5
0.9,190,2,0.5438819065555819,5
0.9,190,3,0.03958559966585821,5
0.9,200,0,0.520643236510635,5
0.9,200,1,1.5179904250949778,5
0.9,200,2,0.6779557687437056,5
0.9,200,3,0.030448803460185886,5
1.0,10,0,0.5539567958870418,5
1.0,10,1,0.9654176160109881,5
1.0,10,2,0.5863427310939687,5
1.0,10,3,0.0270944710270049,5
1.0,20,0,0.5397136163991474,5
1.0,20,1,1.25598869905568,5
1.0,20,2,0.7118491702252937,5
1.0,20,3,0.015605713361244717,5
1.0,30,0,0.5938429974582232,5
1.0,30,1,1.0203377211253026,5
1.0,30,2,0.6007293938716989,5
1.0,30,3,0.017327745003172645,5
1.0,40,0,0.6864334457180068,5
1.0,40,1,1.0329390949045336,5
1.0,40,2,0.7355022704891414,5
1.0,40,3,0.03314528932816626,5
1.0,50,0,0.5384035370541322,5
1.0,50,1,0.8887033679354829,5
1.0,50,2,0.7527307096148511,5
1.0,50,3,0.035411425561407216,5
1.0,60,0,0.5855031731551507,5
1.0,60,1,1.8116372110683694,5
1.0,60,2,0.602986730527488,5
1.0,60,3,0.028306739572848454,5
1.0,70,0,0.534683439944335,5
1.0,70,1,1.642522502755518,5
1.0,70,2,0.5863220322839761,5
1.0,70,3,0.01100621139015004,5
1.0,80,0,0.7991079172445332,5
1.0,80,1,1.3967506648850099,5
1.0,80,2,0.7113524594568503,5
1.0,80,3,0.03516750726781719,5
1.0,90,0,0.44822084167091025,5
1.0,90,1,1.1595978304971943,5
1.0,90,2,0.6339070496341538,5
1.0,90,3,0.012528731627957092,5
1.0,100,0,0.6424504479836588,5
1.0,100,1,1.4795346764719994,5
1.0,100,2,0.6132698336902651,5
1.0,100,3,0.012955851492915327,5
1.0,110,0,0.5874939126014237,5
1.0,110,1,1.3904466576253198,5
1.0,110,2,0.5337437099108115,5
1.0,110,3,0.013755417544128975,5
1.0,120,0,0.7177962528907786,5
1.0,120,1,0.821785873465013,5
1.0,120,2,0.7324863352992314,5
1.0,120,3,0.022722764610522164,5
1.0,130,0,0.7991251279224821,5
1.0,130,1,1.2062590882848387,5
1.0,130,2,0.5035794748678518,5
1.0,130,3,0.014298667359851754,5
1.0,140,0,0.501838499396889,5
1.0,140,1,0.8356701103735489,5
1.0,140,2,0.5165581853484167,5
1.0,140,3,0.014771319577236966,5
1.0,150,0,0.5639042807302375,5
1.0,150,1,1.2608040135142073,5
1.0,150,2,0.5131851106837857,5
1.0,150,3,0.01326874984834564,5
1.0,160,0,0.520292231365402,5
1.0,160,1,0.8692996711682266,5
1.0,160,2,0.5744371881101562,5
1.0,160,3,0.02474521605110098,5
1.0,170,0,0.47505637904281484,5
1.0,170,1,1.086974060271382,5
1.0,170,2,0.5383987109367603,5
1.0,170,3,0.029348941343455368,5
1.0,180,0,0.46216744379433605,5
1.0,180,1,1.15127230220478,5
1.0,180,2,0.6472492171075043,5
1.0,180,3,0.02202788279149188,5
1.0,190,0,0.4538375150999877,5
1.0,190,1,0.7994801524538386,5
1.0,190,2,0.5438819065555819,5
1.0,190,3,0.03958559966585821,5
1.0,200,0,0.520643236510635,5
1.0,200,1,1.5179904250949778,5
1.0,200,2,0.6779557687437056,5
1.0,200,3,0.030448803460185886,5
